Kommunenr.,Kommunenavn,Fylke,Sone,Kommentar
4201,Risør,Agder,2,Røysland er grensejustert over til Tvedestrand
4202,Grimstad,Agder,1,
4203,Arendal,Agder,1,
4204,Kristiansand,Agder,1,
4205,Lindesnes,Agder,1,
4206,Farsund,Agder,1,
4207,Flekkefjord,Agder,1,
4211,Gjerstad,Agder,2,
4212,Vegårshei,Agder,1,
4213,Tvedestrand,Agder,1,Røysland er grensejustert over til Tvedestrand
4214,Froland,Agder,1,
4215,Lillesand,Agder,1,
4216,Birkenes,Agder,1,
4217,Åmli,Agder,2,
4218,Iveland,Agder,1a,
4219,Evje og Hornnes,Agder,2,
4220,Bygland,Agder,2,
4221,Valle,Agder,2,
4222,Bykle,Agder,2,
4223,Vennesla,Agder,1,
4224,Åseral,Agder,2,
4225,Lyngdal,Agder,1a,Gamle Audnedal
4225,Lyngdal,Agder,1,
4226,Hægebostad,Agder,1a,
4227,Kvinesdal,Agder,1,
4228,Sirdal,Agder,1a,
3201,Bærum,Akershus,1,
3203,Asker,Akershus,1,
3205,Lillestrøm,Akershus,1,
3207,Nordre Follo,Akershus,1,
3209,Ullensaker,Akershus,1,
3212,Nesodden,Akershus,1,
3214,Frogn,Akershus,1,
3216,Vestby,Akershus,1,
3218,Ås,Akershus,1,
3220,Enebakk,Akershus,1,
3222,Lørenskog,Akershus,1,
3224,Rælingen,Akershus,1,
3226,Aurskog-Høland,Akershus,1,
3228,Nes,Akershus,1,
3230,Gjerdrum,Akershus,1,
3232,Nittedal,Akershus,1,
3234,Lunner,Akershus,1,
3236,Jevnaker,Akershus,1,
3238,Nannestad,Akershus,1,
3240,Eidsvoll,Akershus,1,
3242,Hurdal,Akershus,1,
3301,Drammen,Buskerud,1,
3303,Kongsberg,Buskerud,1,
3305,Ringerike,Buskerud,1,
3310,Hole,Buskerud,1,
3312,Lier,Buskerud,1,
3314,Øvre Eiker,Buskerud,1,
3316,Modum,Buskerud,1,
3318,Krødsherad,Buskerud,1,
3320,Flå,Buskerud,2,
3322,Nesbyen,Buskerud,2,
3324,Gol,Buskerud,2,
3326,Hemsedal,Buskerud,2,
3328,Ål,Buskerud,2,
3330,Hol,Buskerud,2,
3332,Sigdal,Buskerud,1a,
3334,Flesberg,Buskerud,1,
3336,Rollag,Buskerud,2,
3338,Nore og Uvdal,Buskerud,2,
5601,Alta,Finnmark,5,
5603,Hámmerfeasta - Hammerfest,Finnmark,5,
5605,Sør-Varanger,Finnmark,5,
5607,Vadsø,Finnmark,5,
5610,Kárásjohka - Karasjok,Finnmark,5,
5612,Guovdageaidnu - Kautokeino,Finnmark,5,
5614,Loppa,Finnmark,5,
5616,Hasvik,Finnmark,5,
5618,Måsøy,Finnmark,5,
5620,Nordkapp,Finnmark,5,
5622,Porsanger - Porsángu - Porsanki ,Finnmark,5,
5624,Lebesby,Finnmark,5,
5626,Gamvik,Finnmark,5,
5628,Deatnu-Tana,Finnmark,5,
5630,Berlevåg,Finnmark,5,
5632,Båtsfjord,Finnmark,5,
5634,Vardø,Finnmark,5,
5636,Unjárga-Nesseby,Finnmark,5,
3401,Kongsvinger,Innlandet,2,
3403,Hamar,Innlandet,1,
3405,Lillehammer,Innlandet,1,
3407,Gjøvik,Innlandet,1,
3411,Ringsaker,Innlandet,1,
3412,Løten,Innlandet,1,
3413,Stange,Innlandet,1,
3414,Nord-Odal,Innlandet,2,
3415,Sør-Odal,Innlandet,2,
3416,Eidskog,Innlandet,2,
3417,Grue,Innlandet,2,
3418,Åsnes,Innlandet,2,
3419,Våler (Innlandet),Innlandet,2,
3420,Elverum,Innlandet,1,
3421,Trysil,Innlandet,2,
3422,Åmot,Innlandet,2,
3423,Stor-Elvdal,Innlandet,3,
3424,Rendalen,Innlandet,3,
3425,Engerdal,Innlandet,3,
3426,Tolga,Innlandet,3,
3427,Tynset,Innlandet,3,
3428,Alvdal,Innlandet,3,
3429,Folldal,Innlandet,3,
3430,Os,Innlandet,3,
3431,Dovre,Innlandet,3,
3432,Lesja,Innlandet,3,
3433,Skjåk,Innlandet,3,
3434,Lom,Innlandet,3,
3435,Vågå,Innlandet,3,
3436,Nord-Fron,Innlandet,2,
3437,Sel,Innlandet,3,
3438,Sør-Fron,Innlandet,2,
3439,Ringebu,Innlandet,2,
3440,Øyer,Innlandet,1,
3441,Gausdal,Innlandet,1a,
3442,Østre Toten,Innlandet,1,
3443,Vestre Toten,Innlandet,1,
3446,Gran,Innlandet,1,
3447,Søndre Land,Innlandet,2,
3448,Nordre Land,Innlandet,2,
3449,Sør-Aurdal,Innlandet,3,
3450,Etnedal,Innlandet,3,
3451,Nord-Aurdal,Innlandet,3,
3452,Vestre Slidre,Innlandet,3,
3453,Øystre Slidre,Innlandet,3,
3454,Vang,Innlandet,3,
1505,Kristiansund,Møre og Romsdal,1,
1506,Molde,Møre og Romsdal,2,Gamle Midsund og Nesset
1506,Molde,Møre og Romsdal,1,
1508,Ålesund,Møre og Romsdal,2,Sandøy
1508,Ålesund,Møre og Romsdal,1,
1511,Vanylven,Møre og Romsdal,3,
1514,Sande,Møre og Romsdal,2,
1515,Herøy (Møre og Romsdal),Møre og Romsdal,1,
1516,Ulstein,Møre og Romsdal,1,
1517,Hareid,Møre og Romsdal,1,
1520,Ørsta,Møre og Romsdal,1,
1525,Stranda,Møre og Romsdal,2,
1528,Sykkylven,Møre og Romsdal,2,
1531,Sula,Møre og Romsdal,1,
1532,Giske,Møre og Romsdal,1,
1535,Vestnes,Møre og Romsdal,2,
1539,Rauma,Møre og Romsdal,2,
1547,Aukra,Møre og Romsdal,1a,Deler av tidligere Sandøy er grensejustert over til Aukra
1554,Averøy,Møre og Romsdal,1,
1557,Gjemnes,Møre og Romsdal,1a,
1560,Tingvoll,Møre og Romsdal,2,
1563,Sunndal,Møre og Romsdal,2,
1566,Surnadal,Møre og Romsdal,3,
1573,Smøla,Møre og Romsdal,4,
1576,Aure,Møre og Romsdal,3,
1577,Volda,Møre og Romsdal,2,Gamle Hornindal
1577,Volda,Møre og Romsdal,1,
1578,Fjord,Møre og Romsdal,2,
1579,Hustadvika,Møre og Romsdal,1a,Gamle Eide
1579,Hustadvika,Møre og Romsdal,1,
1580,Haram,Møre og Romsdal,1a,
1804,Bodø,Nordland - Nordlánnda,4a,
1806,Narvik,Nordland - Nordlánnda,4,
1811,Bindal,Nordland - Nordlánnda,4,
1812,Sømna,Nordland - Nordlánnda,4,
1813,Brønnøy,Nordland - Nordlánnda,4,
1815,Vega,Nordland - Nordlánnda,4,
1816,Vevelstad,Nordland - Nordlánnda,4,
1818,Herøy (Nordland),Nordland - Nordlánnda,4,
1820,Alstahaug,Nordland - Nordlánnda,4,
1822,Leirfjord,Nordland - Nordlánnda,4,
1824,Vefsn,Nordland - Nordlánnda,4,
1825,Grane,Nordland - Nordlánnda,4,
1826,Hattfjelldal,Nordland - Nordlánnda,4,
1827,Dønna,Nordland - Nordlánnda,4,
1828,Nesna,Nordland - Nordlánnda,4,
1832,Hemnes,Nordland - Nordlánnda,4,
1833,Rana,Nordland - Nordlánnda,4,
1834,Lurøy,Nordland - Nordlánnda,4,
1835,Træna,Nordland - Nordlánnda,4,
1836,Rødøy,Nordland - Nordlánnda,4,
1837,Meløy,Nordland - Nordlánnda,4,
1838,Gildeskål,Nordland - Nordlánnda,4,
1839,Beiarn,Nordland - Nordlánnda,4,
1840,Saltdal,Nordland - Nordlánnda,4,
1841,Fauske - Fuosko,Nordland - Nordlánnda,4,
1845,Sørfold,Nordland - Nordlánnda,4,
1848,Steigen,Nordland - Nordlánnda,4,
1851,Lødingen,Nordland - Nordlánnda,4,
1853,Evenášši - Evenes,Nordland - Nordlánnda,4,
1856,Røst,Nordland - Nordlánnda,4,
1857,Værøy,Nordland - Nordlánnda,4,
1859,Flakstad,Nordland - Nordlánnda,4,
1860,Vestvågøy,Nordland - Nordlánnda,4,
1865,Vågan,Nordland - Nordlánnda,4,
1866,Hadsel,Nordland - Nordlánnda,4,
1867,Bø,Nordland - Nordlánnda,4,
1868,Øksnes,Nordland - Nordlánnda,4,
1870,Sortland - Suortá,Nordland - Nordlánnda,4,
1871,Andøy,Nordland - Nordlánnda,4,
1874,Moskenes,Nordland - Nordlánnda,4,
1875,Hábmer - Hamarøy,Nordland - Nordlánnda,4,
0301,Oslo,Oslo,1,
1101,Eigersund,Rogaland,1,
1103,Stavanger,Rogaland,1,Deler av tidligere Hjelmeland er grensejustert over til Stavanger
1106,Haugesund,Rogaland,1,
1108,Sandnes,Rogaland,1,
1111,Sokndal,Rogaland,1,
1112,Lund,Rogaland,1,
1114,Bjerkreim,Rogaland,1,
1119,Hå,Rogaland,1,
1120,Klepp,Rogaland,1,
1121,Time,Rogaland,1,
1122,Gjesdal,Rogaland,1,
1124,Sola,Rogaland,1,
1127,Randaberg,Rogaland,1,
1130,Strand,Rogaland,1,
1133,Hjelmeland,Rogaland,2,
1134,Suldal,Rogaland,2,
1135,Sauda,Rogaland,2,
1144,Kvitsøy,Rogaland,1a,
1145,Bokn,Rogaland,1,
1146,Tysvær,Rogaland,1,
1149,Karmøy,Rogaland,1,
1151,Utsira,Rogaland,1a,
1160,Vindafjord,Rogaland,1,
4001,Porsgrunn,Telemark,1,
4003,Skien,Telemark,1,
4005,Notodden,Telemark,1,
4010,Siljan,Telemark,1,
4012,Bamble,Telemark,1,
4014,Kragerø,Telemark,1,
4016,Drangedal,Telemark,2,
4018,Nome,Telemark,2,
4020,Midt-Telemark,Telemark,1,
4022,Seljord,Telemark,2,
4024,Hjartdal,Telemark,2,
4026,Tinn,Telemark,2,
4028,Kviteseid,Telemark,2,
4030,Nissedal,Telemark,2,
4032,Fyresdal,Telemark,2,
4034,Tokke,Telemark,2,
4036,Vinje,Telemark,2,
5501,Tromsø,Troms,4a,
5503,Hárstták - Harstad,Troms,4,
5510,Kvæfjord,Troms,4,
5512,Dielddanuorri - Tjeldsund,Troms,4,
5514,Ibestad,Troms,4,
5516,Gratangen,Troms,4,
5518,Loabák - Lavangen,Troms,4,
5520,Bardu,Troms,4,
5522,Salangen,Troms,4,
5524,Målselv,Troms,4,
5526,Sørreisa,Troms,4,
5528,Dyrøy,Troms,4,
5530,Senja,Troms,4,
5532,Balsfjord,Troms,4,
5534,Karlsøy,Troms,5,
5536,Lyngen,Troms,5,
5538,Storfjord - Omasvuotna - Omasvuono,Troms,5,
5540,Gáivuotna - Kåfjord - Kaivuono,Troms,5,
5542,Skjervøy,Troms,5,
5544,Ráisa - Raisi - Nordreisa,Troms,5,
5546,Kvænangen,Troms,5,
5001,Trondheim,Trøndelag - Trööndelage,1,
5006,Steinkjer,Trøndelag - Trööndelage,1,
5006,Steinkjer,Trøndelag - Trööndelage,2,Gamle Verran
5007,Namsos - Nåavmesjenjaelmie,Trøndelag - Trööndelage,4,
5014,Frøya,Trøndelag - Trööndelage,3,
5020,Osen,Trøndelag - Trööndelage,4,
5021,Oppdal,Trøndelag - Trööndelage,3,
5022,Rennebu,Trøndelag - Trööndelage,3,
5025,Røros,Trøndelag - Trööndelage,3,
5026,Holtålen,Trøndelag - Trööndelage,3,
5027,Midtre Gauldal,Trøndelag - Trööndelage,1a,
5028,Melhus,Trøndelag - Trööndelage,1,
5029,Skaun,Trøndelag - Trööndelage,1,
5031,Malvik,Trøndelag - Trööndelage,1,
5032,Selbu,Trøndelag - Trööndelage,1a,
5033,Tydal,Trøndelag - Trööndelage,3,
5034,Meråker,Trøndelag - Trööndelage,2,
5035,Stjørdal,Trøndelag - Trööndelage,1,
5036,Frosta,Trøndelag - Trööndelage,1a,
5037,Levanger,Trøndelag - Trööndelage,1,
5038,Verdal,Trøndelag - Trööndelage,1,
5041,Snåase - Snåsa,Trøndelag - Trööndelage,4,
5042,Lierne,Trøndelag - Trööndelage,4,
5043,Raarvihke - Røyrvik,Trøndelag - Trööndelage,4,
5044,Namsskogan,Trøndelag - Trööndelage,4,
5045,Grong,Trøndelag - Trööndelage,4,
5046,Høylandet,Trøndelag - Trööndelage,4,
5047,Overhalla,Trøndelag - Trööndelage,4,
5049,Flatanger,Trøndelag - Trööndelage,4,
5052,Leka,Trøndelag - Trööndelage,4,
5053,Inderøy,Trøndelag - Trööndelage,2,
5054,Indre Fosen,Trøndelag - Trööndelage,2,Deler av tidligere Verran er grensejustert over til Indre Fosen
5055,Heim,Trøndelag - Trööndelage,3,
5056,Hitra,Trøndelag - Trööndelage,3,
5057,Ørland,Trøndelag - Trööndelage,3,Gamle Bjugn
5057,Ørland,Trøndelag - Trööndelage,2,
5058,Åfjord,Trøndelag - Trööndelage,4,
5059,Orkland,Trøndelag - Trööndelage,2,Gamle Agdenes
5059,Orkland,Trøndelag - Trööndelage,3,Gamle Meldal og deler av tidligere Snillfjord
5059,Orkland,Trøndelag - Trööndelage,1,
5060,Nærøysund,Trøndelag - Trööndelage,4,
5061,Rindal,Trøndelag - Trööndelage,3,
3901,Horten,Vestfold,1,
3903,Holmestrand,Vestfold,1,
3905,Tønsberg,Vestfold,1,
3907,Sandefjord,Vestfold,1,
3909,Larvik,Vestfold,1,
3911,Færder,Vestfold,1,
4601,Bergen,Vestland,1,
4602,Kinn,Vestland,1a,Gamle Flora
4602,Kinn,Vestland,2,Gamle Vågsøy
4611,Etne,Vestland,1a,
4612,Sveio,Vestland,1,
4613,Bømlo,Vestland,1a,
4614,Stord,Vestland,1,
4615,Fitjar,Vestland,1,
4616,Tysnes,Vestland,2,
4617,Kvinnherad,Vestland,2,
4618,Ullensvang,Vestland,2,
4619,Eidfjord,Vestland,2,
4620,Ulvik,Vestland,2,
4621,Voss,Vestland,2,Gamle Granvin og Ullensvang
4621,Voss,Vestland,1,Deler av tidligere Ullensvang er grensejustert over til Voss
4622,Kvam,Vestland,1a,
4623,Samnanger,Vestland,1,
4624,Bjørnafjorden,Vestland,1,
4625,Austevoll,Vestland,1,
4626,Øygarden,Vestland,1,
4627,Askøy,Vestland,1,
4628,Vaksdal,Vestland,1,
4629,Modalen,Vestland,2,
4630,Osterøy,Vestland,1,
4631,Alver,Vestland,1,
4632,Austrheim,Vestland,1,
4633,Fedje,Vestland,2,
4634,Masfjorden,Vestland,2,
4635,Gulen,Vestland,2,
4636,Solund,Vestland,2,
4637,Hyllestad,Vestland,2,
4638,Høyanger,Vestland,2,
4639,Vik,Vestland,2,
4640,Sogndal,Vestland,2,Gamle  Balestrand Leikanger
4640,Sogndal,Vestland,1a,
4641,Aurland,Vestland,2,
4642,Lærdal,Vestland,2,
4643,Årdal,Vestland,2,
4644,Luster,Vestland,2,
4645,Askvoll,Vestland,2,
4646,Fjaler,Vestland,2,
4647,Sunnfjord,Vestland,1a,Gamle Førde
4647,Sunnfjord,Vestland,2,"Gamle Gaular, Jølster og Naustdal"
4648,Bremanger,Vestland,2,
4649,Stad,Vestland,2,
4650,Gloppen,Vestland,2,
4651,Stryn,Vestland,2,
3101,Halden,Østfold,1,
3103,Moss,Østfold,1,
3105,Sarpsborg,Østfold,1,
3107,Fredrikstad,Østfold,1,
3110,Hvaler,Østfold,1,
3112,Råde,Østfold,1,
3114,Våler,Østfold,1,
3116,Skiptvet,Østfold,1,
3118,Indre Østfold,Østfold,1,
3120,Rakkestad,Østfold,1,
3122,Marker,Østfold,1,
3124,Aremark,Østfold,1,